,index,id,keywords,adult,budget,genres,imdb_id,original_language,original_title,release_date,revenue,runtime,spoken_languages,status,title,movieId,imdbId,rating,authors,average_rating,  num_pages,ratings_count,publisher,sum_of_ratings
0,0,4584,"[{'id': 420, 'name': 'bowling'}, {'id': 818, 'name': 'based on novel'}, {'id': 964, 'name': 'servant'}, {'id': 2755, 'name': 'country life'}, {'id': 7564, 'name': 'jane austen'}, {'id': 10911, 'name': 'inheritance'}, {'id': 11109, 'name': 'military officer'}, {'id': 15060, 'name': 'period drama'}, {'id': 156507, 'name': 'rainstorm'}, {'id': 156510, 'name': 'horse and carriage'}, {'id': 156512, 'name': 'decorum'}]",FALSE,16500000,Drama,tt0114388,en,Sense and Sensibility,12/13/95,135000000,136,"[{'iso_639_1': 'en', 'name': 'English'}]",Released,Sense and Sensibility,17,114388,3.95,Jane Austen/Claudia L. Johnson,4.07,269,768,W. W. Norton & Company,1773
1,6,10533,"[{'id': 818, 'name': 'based on novel'}, {'id': 2871, 'name': 'burning of witches'}, {'id': 10223, 'name': 'puritan'}, {'id': 13149, 'name': 'pregnancy'}, {'id': 15060, 'name': 'period drama'}, {'id': 34094, 'name': 'extramarital affair'}]",FALSE,50000000,Drama,tt0114345,en,The Scarlet Letter,10/13/95,10382407,135,"[{'iso_639_1': 'en', 'name': 'English'}]",Released,The Scarlet Letter,191,114345,2.69,Nathaniel Hawthorne/Thomas E. Connolly/Nina Baym,3.4,279,609586,Penguin Books,11030
2,18,19101,"[{'id': 818, 'name': 'based on novel'}, {'id': 964, 'name': 'servant'}, {'id': 3551, 'name': 'private school'}, {'id': 5248, 'name': 'female friendship'}, {'id': 6271, 'name': 'boarding school'}, {'id': 6731, 'name': 'british'}, {'id': 10873, 'name': 'school'}, {'id': 12663, 'name': 'little girl'}, {'id': 13014, 'name': 'orphan'}, {'id': 14636, 'name': 'india'}, {'id': 14864, 'name': 'rich poor'}, {'id': 15300, 'name': 'father daughter relationship'}, {'id': 41172, 'name': 'schoolgirl'}, {'id': 155402, 'name': 'presumed dead'}, {'id': 155619, 'name': 'attic'}, {'id': 170344, 'name': 'imagination'}, {'id': 186797, 'name': 'african american servant'}, {'id': 196727, 'name': 'fantasy life'}]",FALSE,17000000,Drama,tt0113670,en,A Little Princess,5/10/95,0,97,"[{'iso_639_1': 'en', 'name': 'English'}, {'iso_639_1': 'fr', 'name': 'Français'}]",Released,A Little Princess,262,113670,3.76,Frances Hodgson Burnett/Nancy Bond,4.2,242,238192,Penguin Books,14769
3,21,7007,"[{'id': 233, 'name': 'japan'}, {'id': 279, 'name': 'usa'}, {'id': 417, 'name': 'corruption'}, {'id': 703, 'name': 'detective'}, {'id': 736, 'name': 'journalist'}, {'id': 818, 'name': 'based on novel'}, {'id': 907, 'name': 'japanese'}, {'id': 1946, 'name': 'restaurant'}, {'id': 2564, 'name': 'wheelchair'}, {'id': 4530, 'name': 'parking garage'}, {'id': 6129, 'name': 'company'}, {'id': 6149, 'name': 'police'}, {'id': 8508, 'name': 'party'}, {'id': 9826, 'name': 'murder'}, {'id': 12570, 'name': 'whodunit'}, {'id': 18100, 'name': 'seppuku'}, {'id': 167618, 'name': 'bulletproof vest'}]",FALSE,0,Action,tt0107969,en,Rising Sun,7/30/93,107198790,125,"[{'iso_639_1': 'ja', 'name': '日本語'}, {'iso_639_1': 'en', 'name': 'English'}]",Released,Rising Sun,517,107969,3.13,Michael Crichton,3.63,399,42645,Turtleback Books,242476
4,22,11236,"[{'id': 818, 'name': 'based on novel'}, {'id': 964, 'name': 'servant'}, {'id': 1328, 'name': 'secret'}, {'id': 2105, 'name': 'garden'}, {'id': 6464, 'name': 'uncle'}, {'id': 9180, 'name': 'yorkshire'}, {'id': 10183, 'name': 'independent film'}, {'id': 12663, 'name': 'little girl'}, {'id': 13014, 'name': 'orphan'}, {'id': 14636, 'name': 'india'}, {'id': 14659, 'name': 'girl'}, {'id': 170344, 'name': 'imagination'}, {'id': 187056, 'name': 'woman director'}, {'id': 193263, 'name': 'old mansion'}, {'id': 196727, 'name': 'fantasy life'}, {'id': 210200, 'name': 'english garden'}]",FALSE,0,Drama,tt0108071,en,The Secret Garden,8/13/93,0,102,"[{'iso_639_1': 'en', 'name': 'English'}]",Released,The Secret Garden,531,108071,3.5,Frances Hodgson Burnett,4.13,331,764134,Children's Classics,70604
5,28,274,"[{'id': 818, 'name': 'based on novel'}, {'id': 6259, 'name': 'psychopath'}, {'id': 8087, 'name': 'horror'}, {'id': 9937, 'name': 'suspense'}, {'id': 10714, 'name': 'serial killer'}, {'id': 12565, 'name': 'psychological thriller'}, {'id': 14895, 'name': 'cannibal'}, {'id': 18525, 'name': 'fbi agent'}, {'id': 33872, 'name': 'animal in cast credits'}, {'id': 208048, 'name': 'cannibalism'}]",FALSE,19000000,Crime,tt0102926,en,The Silence of the Lambs,2/1/91,272742922,119,"[{'iso_639_1': 'en', 'name': 'English'}]",Released,The Silence of the Lambs,593,102926,4.15,Yvonne Tasker,4.27,96,510,British Film Institute,17451
6,29,10539,"[{'id': 818, 'name': 'based on novel'}, {'id': 2105, 'name': 'garden'}, {'id': 2143, 'name': 'loss of parents'}, {'id': 2343, 'name': 'magic'}, {'id': 6894, 'name': 'aunt'}, {'id': 15101, 'name': ""based on children's book""}, {'id': 192942, 'name': 'insects'}]",FALSE,38000000,Adventure,tt0116683,en,James and the Giant Peach,4/12/96,28921264,79,"[{'iso_639_1': 'en', 'name': 'English'}]",Released,James and the Giant Peach,661,116683,3.29,Roald Dahl/Quentin Blake,4.01,146,328542,Alfred A. Knopf,2544
7,32,627,"[{'id': 212, 'name': 'london england'}, {'id': 567, 'name': 'alcohol'}, {'id': 572, 'name': 'sex'}, {'id': 818, 'name': 'based on novel'}, {'id': 1803, 'name': 'drug addiction'}, {'id': 2231, 'name': 'drug dealer'}, {'id': 2334, 'name': 'nightclub'}, {'id': 2375, 'name': 'junkie'}, {'id': 2671, 'name': 'heroin'}, {'id': 2694, 'name': 'cold turkey'}, {'id': 3131, 'name': 'modern society'}, {'id': 3298, 'name': 'hallucination'}, {'id': 6054, 'name': 'friendship'}, {'id': 9887, 'name': 'surrealism'}, {'id': 10123, 'name': 'dark comedy'}, {'id': 10261, 'name': 'stealing'}, {'id': 11635, 'name': 'monologue'}, {'id': 34117, 'name': 'cult film'}, {'id': 155936, 'name': 'recovering drug addict'}, {'id': 156117, 'name': 'illegal drugs'}, {'id': 168179, 'name': 'drug deal'}, {'id': 180431, 'name': 'drug rehabilitation'}, {'id': 206829, 'name': 'drug culture'}, {'id': 230607, 'name': 'antihero'}]",FALSE,4000000,Drama,tt0117951,en,Trainspotting,2/23/96,16491080,93,"[{'iso_639_1': 'en', 'name': 'English'}]",Released,Trainspotting,778,117951,4.01,Murray Smith,4.03,96,75,British Film Institute,555995
8,34,630,"[{'id': 616, 'name': 'witch'}, {'id': 704, 'name': 'adolescence'}, {'id': 818, 'name': 'based on novel'}, {'id': 1308, 'name': 'secret identity'}, {'id': 1507, 'name': 'clock'}, {'id': 1566, 'name': 'dream'}, {'id': 2043, 'name': 'lion'}, {'id': 2213, 'name': 'tornado'}, {'id': 3151, 'name': 'scarecrow'}, {'id': 4344, 'name': 'musical'}, {'id': 4639, 'name': 'crow'}, {'id': 6027, 'name': 'music'}, {'id': 7658, 'name': 'kansas'}, {'id': 11020, 'name': 'classic'}, {'id': 11409, 'name': 'imaginary land'}, {'id': 13001, 'name': 'cowardliness'}, {'id': 191616, 'name': 'sepia color'}]",FALSE,2777000,Adventure,tt0032138,en,The Wizard of Oz,8/15/39,33754967,102,"[{'iso_639_1': 'en', 'name': 'English'}]",Released,The Wizard of Oz,919,32138,3.95,Salman Rushdie/Richard Maltby/Melvyn Bragg,4,69,749,British Film Institute,729564
9,35,223,"[{'id': 660, 'name': 'monte carlo'}, {'id': 818, 'name': 'based on novel'}, {'id': 965, 'name': 'age difference'}, {'id': 1328, 'name': 'secret'}, {'id': 1523, 'name': 'obsession'}, {'id': 3582, 'name': 'bride'}, {'id': 8079, 'name': 'cornwall'}, {'id': 9673, 'name': 'love'}, {'id': 9937, 'name': 'suspense'}, {'id': 11004, 'name': 'rural setting'}, {'id': 14769, 'name': 'devotion'}, {'id': 17997, 'name': 'housekeeper'}, {'id': 34079, 'name': 'death'}, {'id': 155881, 'name': 'estate'}, {'id': 188990, 'name': 'costume party'}, {'id': 195402, 'name': 'film noir'}, {'id': 228602, 'name': 'second wife'}]",FALSE,1288000,Drama,tt0032976,en,Rebecca,4/12/40,6000000,130,"[{'iso_639_1': 'en', 'name': 'English'}, {'iso_639_1': 'fr', 'name': 'Français'}]",Released,Rebecca,928,32976,4.07,Daphne du Maurier/Sally Beauman,4.23,441,179639,Virago Press (UK),94648
10,36,595,"[{'id': 577, 'name': 'black people'}, {'id': 818, 'name': 'based on novel'}, {'id': 1155, 'name': 'brother sister relationship'}, {'id': 1412, 'name': 'becoming an adult'}, {'id': 1533, 'name': 'isolation'}, {'id': 1679, 'name': 'arbitrary law'}, {'id': 1952, 'name': 'socially deprived family'}, {'id': 2005, 'name': 'tree house'}, {'id': 2325, 'name': 'wrong accusal'}, {'id': 3009, 'name': 'farm worker'}, {'id': 3010, 'name': 'intolerance'}, {'id': 3011, 'name': 'exclusion'}, {'id': 3012, 'name': 'court case'}, {'id': 6094, 'name': 'defence'}, {'id': 6145, 'name': 'right and justice'}, {'id': 6148, 'name': 'court'}, {'id': 208349, 'name': 'child'}]",FALSE,2000000,Crime,tt0056592,en,To Kill a Mockingbird,12/25/62,13129846,129,"[{'iso_639_1': 'en', 'name': 'English'}]",Released,To Kill a Mockingbird,1207,56592,4.16,Harper Lee,4.27,323,10524,Harper Perennial Modern Classics,844
11,39,235,"[{'id': 818, 'name': 'based on novel'}, {'id': 6054, 'name': 'friendship'}, {'id': 10683, 'name': 'coming of age'}, {'id': 169875, 'name': 'railroad track'}, {'id': 169878, 'name': 'story within the story'}, {'id': 169885, 'name': '\xa0flipping coin'}, {'id': 169886, 'name': 'campfire story'}, {'id': 169887, 'name': 'reference to superman'}, {'id': 169895, 'name': 'normandy beach'}, {'id': 208349, 'name': 'child'}, {'id': 208611, 'name': '1950s'}, {'id': 216919, 'name': 'boys'}]",FALSE,8000000,Crime,tt0092005,en,Stand by Me,8/22/86,52287414,89,"[{'iso_639_1': 'en', 'name': 'English'}]",Released,Stand by Me,1259,92005,3.99,Raynold Gideon,4.32,96,1436,Columbia Pictures Pubns,425253
12,40,7340,"[{'id': 818, 'name': 'based on novel'}, {'id': 1227, 'name': 'cemetery'}, {'id': 1533, 'name': 'isolation'}, {'id': 1674, 'name': 'stage'}, {'id': 2483, 'name': 'nudity'}, {'id': 3036, 'name': 'bible'}, {'id': 5086, 'name': 'telekinesis'}, {'id': 9748, 'name': 'revenge'}, {'id': 10048, 'name': 'unrequited love'}, {'id': 10266, 'name': 'prom'}, {'id': 10508, 'name': 'teacher'}, {'id': 10873, 'name': 'school'}, {'id': 11001, 'name': 'religion'}, {'id': 14624, 'name': 'cruelty'}, {'id': 14687, 'name': 'extreme violence'}, {'id': 14837, 'name': 'rage'}, {'id': 33740, 'name': 'humiliation'}, {'id': 41380, 'name': 'crucifix'}, {'id': 164346, 'name': 'praying'}, {'id': 170356, 'name': 'outsider'}, {'id': 173971, 'name': 'taunting'}, {'id': 222314, 'name': 'abusive mother'}, {'id': 226602, 'name': 'firestorm'}]",FALSE,1800000,Horror,tt0074285,en,Carrie,11/3/76,33800000,98,"[{'iso_639_1': 'en', 'name': 'English'}]",Released,Carrie,1345,74285,3.43,Stephen King,3.96,253,2707,Pocket Books,138
13,44,14832,"[{'id': 293, 'name': 'female nudity'}, {'id': 380, 'name': 'brother brother relationship'}, {'id': 818, 'name': 'based on novel'}, {'id': 966, 'name': 'beach'}, {'id': 999, 'name': 'sports car'}, {'id': 1155, 'name': 'brother sister relationship'}, {'id': 1525, 'name': 'puberty'}, {'id': 2398, 'name': 'narration'}, {'id': 2483, 'name': 'nudity'}, {'id': 2913, 'name': 'diary'}, {'id': 9855, 'name': 'slow motion scene'}, {'id': 10683, 'name': 'coming of age'}, {'id': 10877, 'name': 'dead body'}, {'id': 33841, 'name': 'incest'}, {'id': 179029, 'name': 'rubbing suntan lotion on someone'}, {'id': 210547, 'name': 'kite'}, {'id': 211677, 'name': 'sunbathing'}]",FALSE,0,Drama,tt0106535,en,The Cement Garden,2/20/93,322975,105,"[{'iso_639_1': 'en', 'name': 'English'}]",Released,The Cement Garden,1437,106535,3.66,Ian McEwan,3.54,144,18376,Vintage,1003
14,45,68924,"[{'id': 818, 'name': 'based on novel'}, {'id': 1228, 'name': '1970s'}, {'id': 4543, 'name': 'thanksgiving'}, {'id': 10041, 'name': 'dysfunctional family'}, {'id': 10183, 'name': 'independent film'}]",FALSE,18000000,Drama,tt0119349,en,The Ice Storm,9/27/97,8038061,112,"[{'iso_639_1': 'en', 'name': 'English'}]",Released,The Ice Storm,1635,119349,3.77,Rick Moody,3.66,288,4592,Back Bay Books,4844
15,46,19931,"[{'id': 818, 'name': 'based on novel'}, {'id': 10707, 'name': 'mother daughter relationship'}, {'id': 13159, 'name': 'chinese'}, {'id': 18035, 'name': 'family'}, {'id': 179485, 'name': 'chinese american'}]",FALSE,11000000,Drama,tt0107282,en,The Joy Luck Club,9/8/93,32861136,139,"[{'iso_639_1': 'cn', 'name': '广州话 / 廣州話'}, {'iso_639_1': 'en', 'name': 'English'}, {'iso_639_1': 'fr', 'name': 'Français'}, {'iso_639_1': 'zh', 'name': '普通话'}]",Released,The Joy Luck Club,1678,107282,3.69,Amy Tan,3.92,288,565524,Penguin Books,8982
16,47,18205,"[{'id': 255, 'name': 'male nudity'}, {'id': 534, 'name': 'mexico'}, {'id': 549, 'name': 'prostitute'}, {'id': 596, 'name': 'adultery'}, {'id': 738, 'name': 'sexuality'}, {'id': 818, 'name': 'based on novel'}, {'id': 1566, 'name': 'dream'}, {'id': 1667, 'name': 'pimp'}, {'id': 2483, 'name': 'nudity'}, {'id': 41515, 'name': 'gay parent'}, {'id': 163127, 'name': 'mexican'}, {'id': 180523, 'name': 'neighborhood'}]",FALSE,0,Drama,tt0112619,es,El Callejón de los Milagros,5/5/95,0,140,"[{'iso_639_1': 'es', 'name': 'Español'}]",Released,Midaq Alley,1795,112619,3.11,Naguib Mahfouz/Trevor Le Gassick,3.85,286,4815,Anchor Books,3682
17,48,25430,"[{'id': 531, 'name': 'southern usa'}, {'id': 818, 'name': 'based on novel'}, {'id': 918, 'name': 'newspaper'}, {'id': 3089, 'name': 'oscar award'}, {'id': 5744, 'name': 'governor'}, {'id': 6078, 'name': 'politics'}, {'id': 6083, 'name': 'politician'}, {'id': 6974, 'name': 'rise and fall'}, {'id': 12193, 'name': 'reporter'}, {'id': 14548, 'name': 'political assassination'}, {'id': 156024, 'name': 'corrupt politician'}, {'id': 179017, 'name': 'hick'}]",FALSE,0,Drama,tt0041113,en,All the King's Men,11/8/49,0,109,"[{'iso_639_1': 'en', 'name': 'English'}]",Released,All the King's Men,1942,41113,3.9,Robert Penn Warren,4.09,439,47324,Harcourt Brace,1742
18,50,24808,"[{'id': 291, 'name': 'circus'}, {'id': 616, 'name': 'witch'}, {'id': 818, 'name': 'based on novel'}, {'id': 952, 'name': 'lightning'}, {'id': 1566, 'name': 'dream'}, {'id': 2158, 'name': 'maze'}, {'id': 2857, 'name': 'elephant'}, {'id': 3199, 'name': 'clown'}, {'id': 3473, 'name': 'carnival'}, {'id': 3986, 'name': 'spider'}, {'id': 4252, 'name': 'black magic'}, {'id': 5202, 'name': 'boy'}, {'id': 11181, 'name': 'decapitation'}, {'id': 14527, 'name': 'storm'}, {'id': 14792, 'name': 'tarantula'}, {'id': 33505, 'name': 'gothic'}, {'id': 163075, 'name': 'sideshow'}, {'id': 166109, 'name': 'child murder'}, {'id': 178883, 'name': 'autumn'}, {'id': 230951, 'name': 'lightning rod'}]",FALSE,19000000,Fantasy,tt0086336,en,Something Wicked This Way Comes,4/29/83,5656087,95,"[{'iso_639_1': 'en', 'name': 'English'}]",Released,Something Wicked This Way Comes,2097,86336,3.39,Ray Bradbury,3.94,293,834,Bookspan,5470
19,51,10489,"[{'id': 818, 'name': 'based on novel'}, {'id': 3300, 'name': 'cadillac'}, {'id': 8874, 'name': ""st. bernard's dog""}, {'id': 9862, 'name': 'dam'}, {'id': 10471, 'name': 'cult favorite'}, {'id': 13092, 'name': 'corpse'}, {'id': 18064, 'name': 'singing in a car'}, {'id': 158303, 'name': 'rabies'}, {'id': 158307, 'name': 'rabid dog'}, {'id': 158317, 'name': 'rabbit hole'}, {'id': 199236, 'name': 'mad dog'}]",FALSE,5000000,Horror,tt0085382,en,Cujo,8/10/83,21200000,91,"[{'iso_639_1': 'en', 'name': 'English'}, {'iso_639_1': 'hu', 'name': 'Magyar'}]",Released,Cujo,2121,85382,2.76,Stephen King,3.71,432,197993,Plaza y Janés,1045
20,52,138,"[{'id': 272, 'name': 'transylvania'}, {'id': 818, 'name': 'based on novel'}, {'id': 1299, 'name': 'monster'}, {'id': 3098, 'name': 'castle'}, {'id': 3133, 'name': 'vampire'}, {'id': 3633, 'name': 'dracula'}, {'id': 3986, 'name': 'spider'}, {'id': 6932, 'name': 'count'}, {'id': 10181, 'name': 'based on play or musical'}, {'id': 10327, 'name': 'undead'}, {'id': 10482, 'name': 'sanitarium'}, {'id': 155489, 'name': 'classic horror'}, {'id': 193227, 'name': 'lunatic'}]",FALSE,355000,Horror,tt0021814,en,Dracula,2/12/31,1012189,72,"[{'iso_639_1': 'en', 'name': 'English'}, {'iso_639_1': 'de', 'name': 'Deutsch'}, {'iso_639_1': 'hu', 'name': 'Magyar'}]",Released,Dracula,2644,21814,3.69,Bram Stoker/Jan Needle/Gary Blythe,3.99,336,73,Walker Books Ltd,197993
21,57,10349,"[{'id': 798, 'name': 'sheriff'}, {'id': 818, 'name': 'based on novel'}, {'id': 1936, 'name': 'blackmail'}, {'id': 3096, 'name': 'book'}, {'id': 3125, 'name': 'razor'}, {'id': 8802, 'name': 'pseudonym'}, {'id': 9181, 'name': 'alter ego'}, {'id': 9927, 'name': 'maine'}, {'id': 10818, 'name': 'author'}, {'id': 14512, 'name': 'new york city'}, {'id': 18035, 'name': 'family'}, {'id': 166512, 'name': 'graveyard'}, {'id': 183515, 'name': 'high toned'}, {'id': 188989, 'name': 'supernatural power'}]",FALSE,15000000,Mystery,tt0106664,en,The Dark Half,4/23/93,10611160,122,"[{'iso_639_1': 'en', 'name': 'English'}]",Released,The Dark Half,2898,106664,2.8,Stephen King,3.77,469,110131,New English Library,2433
22,59,11005,"[{'id': 732, 'name': 'coma'}, {'id': 818, 'name': 'based on novel'}, {'id': 2618, 'name': 'miracle'}, {'id': 3609, 'name': 'frustration'}, {'id': 3929, 'name': 'hope'}, {'id': 9672, 'name': 'based on true story'}, {'id': 11612, 'name': 'hospital'}, {'id': 33977, 'name': 'medical experiment'}, {'id': 40895, 'name': 'illness'}, {'id': 187056, 'name': 'woman director'}, {'id': 191311, 'name': 'comatose'}]",FALSE,0,Drama,tt0099077,en,Awakenings,12/19/90,52096475,120,"[{'iso_639_1': 'en', 'name': 'English'}]",Released,Awakenings,3105,99077,3.76,Oliver Sacks,4.1,464,8982,Vintage,502726
23,60,497,"[{'id': 531, 'name': 'southern usa'}, {'id': 577, 'name': 'black people'}, {'id': 791, 'name': 'mentally disabled'}, {'id': 818, 'name': 'based on novel'}, {'id': 2499, 'name': 'heal'}, {'id': 2501, 'name': 'death row'}, {'id': 2881, 'name': 'jail guard'}, {'id': 5571, 'name': 'great depression'}, {'id': 9774, 'name': 'prison guard'}, {'id': 11263, 'name': 'electric chair'}, {'id': 156597, 'name': 'magic realism'}, {'id': 167696, 'name': 'healing'}, {'id': 180162, 'name': 'death row inmate'}, {'id': 214548, 'name': '1930s'}]",FALSE,60000000,Fantasy,tt0120689,en,The Green Mile,12/10/99,284600000,189,"[{'iso_639_1': 'fr', 'name': 'Français'}, {'iso_639_1': 'en', 'name': 'English'}]",Released,The Green Mile,3147,120689,4.02,Stephen King,4.44,592,207869,Penguin Signet,11981
24,61,8293,"[{'id': 818, 'name': 'based on novel'}, {'id': 1156, 'name': 'sister sister relationship'}, {'id': 2386, 'name': 'empowerment'}, {'id': 5923, 'name': 'sister'}, {'id': 205850, 'name': 'turn of the century'}, {'id': 234626, 'name': 'edwardian england'}]",FALSE,0,Drama,tt0104454,en,Howards End,3/13/92,25966555,140,"[{'iso_639_1': 'en', 'name': 'English'}, {'iso_639_1': 'de', 'name': 'Deutsch'}]",Released,Howards End,3260,104454,3.76,E.M. Forster,3.96,246,54765,Dover Publications,197
25,65,11027,"[{'id': 572, 'name': 'sex'}, {'id': 596, 'name': 'adultery'}, {'id': 718, 'name': 'confession'}, {'id': 818, 'name': 'based on novel'}, {'id': 1523, 'name': 'obsession'}, {'id': 2483, 'name': 'nudity'}, {'id': 9714, 'name': 'remake'}, {'id': 9826, 'name': 'murder'}, {'id': 9937, 'name': 'suspense'}, {'id': 10410, 'name': 'conspiracy'}, {'id': 207268, 'name': 'neo-noir'}]",FALSE,12000000,Romance,tt0082934,en,The Postman Always Rings Twice,3/20/81,0,122,"[{'iso_639_1': 'en', 'name': 'English'}]",Released,The Postman Always Rings Twice,3529,82934,3.36,James M. Cain,3.8,116,23157,Orion,61545
26,66,1359,"[{'id': 818, 'name': 'based on novel'}, {'id': 5636, 'name': 'wall street'}, {'id': 6259, 'name': 'psychopath'}, {'id': 174075, 'name': 'white collar'}, {'id': 174076, 'name': 'harvard business school'}, {'id': 174085, 'name': 'child of divorce'}, {'id': 174089, 'name': 'unreliable narrator'}, {'id': 187056, 'name': 'woman director'}, {'id': 217076, 'name': 'voice imitation'}]",FALSE,7000000,Thriller,tt0144084,en,American Psycho,4/13/00,34266564,102,"[{'iso_639_1': 'en', 'name': 'English'}, {'iso_639_1': 'es', 'name': 'Español'}, {'iso_639_1': 'cn', 'name': '广州话 / 廣州話'}]",Released,American Psycho,3535,144084,3.57,Bret Easton Ellis,3.82,399,844,Picador,333332
27,67,18801,"[{'id': 818, 'name': 'based on novel'}, {'id': 1328, 'name': 'secret'}, {'id': 1992, 'name': 'professor'}, {'id': 2483, 'name': 'nudity'}, {'id': 6152, 'name': 'supernatural'}, {'id': 9826, 'name': 'murder'}, {'id': 10224, 'name': 'haunting'}, {'id': 18035, 'name': 'family'}, {'id': 184130, 'name': 'doubt'}]",FALSE,0,Mystery,tt0113269,en,Haunted,10/27/95,0,108,"[{'iso_639_1': 'en', 'name': 'English'}]",Released,Haunted,3960,113269,2.97,Chuck Palahniuk,3.59,419,78280,Anchor,786667
28,70,10339,"[{'id': 818, 'name': 'based on novel'}, {'id': 1316, 'name': 'captain'}, {'id': 1422, 'name': 'boat'}, {'id': 1523, 'name': 'obsession'}, {'id': 2580, 'name': 'shipwreck'}, {'id': 4327, 'name': 'stroke of fate'}, {'id': 4676, 'name': 'whale'}, {'id': 7240, 'name': 'walrus'}, {'id': 9748, 'name': 'revenge'}]",FALSE,4500000,Adventure,tt0049513,en,Moby Dick,6/27/56,10400000,116,"[{'iso_639_1': 'en', 'name': 'English'}]",Released,Moby Dick,4429,49513,3.58,Herman Melville/William Hootkins,3.5,25,67,Naxos Audiobooks,984
29,73,11308,"[{'id': 236, 'name': 'suicide'}, {'id': 258, 'name': 'bomb'}, {'id': 549, 'name': 'prostitute'}, {'id': 570, 'name': 'rape'}, {'id': 572, 'name': 'sex'}, {'id': 612, 'name': 'hotel'}, {'id': 818, 'name': 'based on novel'}, {'id': 949, 'name': 'terrorist'}, {'id': 1721, 'name': 'fight'}, {'id': 2483, 'name': 'nudity'}, {'id': 8201, 'name': 'satire'}]",FALSE,7500000,Comedy,tt0087428,en,The Hotel New Hampshire,3/9/84,0,109,"[{'iso_639_1': 'en', 'name': 'English'}]",Released,The Hotel New Hampshire,4692,87428,2.97,John Irving,3.9,520,51267,Black Swan,2539
30,75,40885,"[{'id': 233, 'name': 'japan'}, {'id': 818, 'name': 'based on novel'}, {'id': 3779, 'name': 'air force'}, {'id': 162701, 'name': 'racial prejudice'}]",FALSE,0,Drama,tt0050933,en,Sayonara,12/5/57,0,147,"[{'iso_639_1': 'en', 'name': 'English'}, {'iso_639_1': 'ja', 'name': '日本語'}]",Released,Sayonara,4805,50933,3.38,James A. Michener,3.81,208,1848,Fawcett,15982
31,76,2637,"[{'id': 818, 'name': 'based on novel'}, {'id': 1415, 'name': 'small town'}, {'id': 1566, 'name': 'dream'}, {'id': 2669, 'name': 'motel'}, {'id': 3298, 'name': 'hallucination'}, {'id': 3450, 'name': 'bridge'}, {'id': 4862, 'name': 'alien life-form'}, {'id': 4949, 'name': 'warning'}, {'id': 6622, 'name': 'tumor'}, {'id': 8232, 'name': 'west virginia'}, {'id': 9955, 'name': 'urban legend'}, {'id': 10170, 'name': 'premonition'}, {'id': 10904, 'name': 'telephone call'}, {'id': 11612, 'name': 'hospital'}, {'id': 12193, 'name': 'reporter'}, {'id': 14742, 'name': 'psychic'}, {'id': 15198, 'name': 'car wreck'}, {'id': 208397, 'name': 'death of wife'}, {'id': 230413, 'name': 'mothman'}, {'id': 238137, 'name': 'mysterious events'}, {'id': 238138, 'name': 'chemical plant'}]",FALSE,32000000,Drama,tt0265349,en,The Mothman Prophecies,1/25/02,55157539,119,"[{'iso_639_1': 'en', 'name': 'English'}]",Released,The Mothman Prophecies,5065,265349,3.09,John A. Keel,3.54,352,117,Hodder & Stoughton,196135
32,77,10229,"[{'id': 818, 'name': 'based on novel'}, {'id': 4333, 'name': 'theatre group'}, {'id': 5922, 'name': 'north carolina'}, {'id': 6034, 'name': 'theatre milieu'}, {'id': 6270, 'name': 'high school'}, {'id': 10163, 'name': 'cancer'}, {'id': 10683, 'name': 'coming of age'}, {'id': 10703, 'name': 'tragic love'}, {'id': 13130, 'name': 'teenager'}, {'id': 165086, 'name': 'star crossed lovers'}]",FALSE,11000000,Drama,tt0281358,en,A Walk to Remember,1/25/02,41227069,101,"[{'iso_639_1': 'en', 'name': 'English'}]",Released,A Walk to Remember,5066,281358,3.43,Nicholas Sparks,4.17,240,555995,Grand Central Publishing,78510
33,78,12227,"[{'id': 818, 'name': 'based on novel'}, {'id': 1321, 'name': 'gold'}, {'id': 1454, 'name': 'treasure'}, {'id': 1909, 'name': 'coffin'}, {'id': 2526, 'name': 'human animal relationship'}, {'id': 6054, 'name': 'friendship'}, {'id': 9880, 'name': 'alaska'}, {'id': 10950, 'name': 'shootout'}, {'id': 15162, 'name': 'dog'}, {'id': 162726, 'name': 'prospector'}, {'id': 180808, 'name': 'klondike'}, {'id': 189390, 'name': 'yukon'}, {'id': 189391, 'name': 'boy dog relationship'}, {'id': 189392, 'name': 'gold miner'}]",FALSE,14000000,Action,tt0103247,en,White Fang,1/18/91,34793160,107,"[{'iso_639_1': 'en', 'name': 'English'}]",Released,White Fang,5361,103247,3.17,Jack London,3.98,252,119589,Scholastic Paperbacks,6214
34,80,13768,"[{'id': 399, 'name': 'fountain of youth'}, {'id': 818, 'name': 'based on novel'}, {'id': 1328, 'name': 'secret'}, {'id': 4978, 'name': 'immortality'}, {'id': 5774, 'name': 'forest'}, {'id': 9720, 'name': 'woods'}, {'id': 10791, 'name': 'teenage crush'}, {'id': 10809, 'name': 'teenage girl'}, {'id': 18068, 'name': 'teenage boy'}, {'id': 170587, 'name': 'mysterious stranger'}]",FALSE,15000000,Drama,tt0283084,en,Tuck Everlasting,10/11/02,19158074,90,"[{'iso_639_1': 'en', 'name': 'English'}, {'iso_639_1': 'fr', 'name': 'Français'}]",Released,Tuck Everlasting,5667,283084,3.21,Natalie Babbitt,3.87,139,1538,Farrar Straus Giroux,55269
35,81,69014,"[{'id': 255, 'name': 'male nudity'}, {'id': 293, 'name': 'female nudity'}, {'id': 818, 'name': 'based on novel'}, {'id': 966, 'name': 'beach'}, {'id': 1010, 'name': 'bar'}, {'id': 1252, 'name': 'suicide attempt'}, {'id': 1667, 'name': 'pimp'}, {'id': 1824, 'name': 'self-destruction'}, {'id': 3260, 'name': 'masochism'}, {'id': 3458, 'name': 'bartender'}, {'id': 4470, 'name': 'punk'}, {'id': 5638, 'name': 'arrest'}, {'id': 5933, 'name': 'poet'}, {'id': 8646, 'name': 'ronald reagan'}, {'id': 9141, 'name': 'belt'}, {'id': 9887, 'name': 'surrealism'}, {'id': 10183, 'name': 'independent film'}, {'id': 10430, 'name': 'seagull'}, {'id': 12670, 'name': 'los angeles'}, {'id': 33457, 'name': 'alcoholic'}, {'id': 33573, 'name': 'banana'}, {'id': 34030, 'name': 'typewriter'}, {'id': 148534, 'name': 'cunnilingus'}, {'id': 157154, 'name': 'psychotherapy'}, {'id': 157791, 'name': 'self mutilation'}, {'id': 163758, 'name': 'ex-husband ex-wife relationship'}, {'id': 165314, 'name': 'skid row'}, {'id': 170737, 'name': 'bunk bed'}, {'id': 181514, 'name': 'deadbeat dad'}, {'id': 188991, 'name': 'drunkenness'}, {'id': 189428, 'name': 'phallic symbol'}, {'id': 207769, 'name': 'grotesque'}, {'id': 212779, 'name': 'used car lot'}, {'id': 212780, 'name': 'wino'}, {'id': 212781, 'name': 'fur stole'}, {'id': 212784, 'name': 'binge drinking'}, {'id': 212785, 'name': 'wine drinking'}, {'id': 212787, 'name': 'sadomasochist'}, {'id': 212788, 'name': 'greyhound bus'}, {'id': 212793, 'name': 'domestic dispute'}]",FALSE,0,Drama,tt0086410,it,Storie di ordinaria follia,9/11/81,0,101,[],Released,Tales of Ordinary Madness,5861,86410,3.15,Charles Bukowski,3.92,238,16544,City Lights Publishers,28950
36,82,6646,"[{'id': 818, 'name': 'based on novel'}, {'id': 1454, 'name': 'treasure'}, {'id': 2041, 'name': 'island'}, {'id': 4418, 'name': 'pirate gang'}, {'id': 6956, 'name': 'treasure hunt'}, {'id': 11088, 'name': 'treasure map'}, {'id': 12988, 'name': 'pirate'}, {'id': 41599, 'name': 'sailor'}, {'id': 165369, 'name': 'sailing ship'}]",FALSE,0,Adventure,tt0043067,en,Treasure Island,7/18/50,0,96,"[{'iso_639_1': 'en', 'name': 'English'}]",Released,Treasure Island,6405,43067,3.55,Robert Louis Stevenson,3.83,311,318753,Kingfisher,1294
37,88,20815,"[{'id': 570, 'name': 'rape'}, {'id': 818, 'name': 'based on novel'}, {'id': 1329, 'name': 'canada'}, {'id': 2340, 'name': 'paranoia'}, {'id': 2831, 'name': 'slavery'}, {'id': 2964, 'name': 'future'}, {'id': 4411, 'name': 'sexism'}, {'id': 4565, 'name': 'dystopia'}, {'id': 7638, 'name': 'surrogate mother'}, {'id': 10183, 'name': 'independent film'}, {'id': 10685, 'name': 'escape'}, {'id': 11196, 'name': 'rebellion'}, {'id': 11718, 'name': 'feminist'}, {'id': 161166, 'name': 'misogyny'}, {'id': 163045, 'name': 'impregnation'}, {'id': 164810, 'name': 'religious fundamentalism'}, {'id': 165259, 'name': 'political unrest'}, {'id': 178712, 'name': 'totalitarianism'}, {'id': 190334, 'name': 'theocracy'}]",FALSE,0,Drama,tt0099731,en,The Handmaid's Tale,3/9/90,0,108,"[{'iso_639_1': 'en', 'name': 'English'}, {'iso_639_1': 'de', 'name': 'Deutsch'}]",Released,The Handmaid's Tale,6678,99731,3.18,Margaret Atwood/Valerie Martin,4.11,350,2102,Everyman's Library,205
38,91,43436,"[{'id': 818, 'name': 'based on novel'}, {'id': 1700, 'name': 'massachusetts'}, {'id': 9914, 'name': 'slice of life'}, {'id': 156928, 'name': 'tomboy'}, {'id': 207416, 'name': 'concord'}]",FALSE,0,Drama,tt0041594,en,Little Women,4/1/49,0,121,"[{'iso_639_1': 'en', 'name': 'English'}]",Released,Little Women,7054,41594,3.52,Louisa May Alcott,4.07,449,1479727,Signet Classics,330008
39,95,70881,"[{'id': 818, 'name': 'based on novel'}, {'id': 2139, 'name': 'russia'}, {'id': 6038, 'name': 'marriage'}, {'id': 9673, 'name': 'love'}, {'id': 13008, 'name': 'train'}]",FALSE,1152000,Drama,tt0026071,en,Anna Karenina,8/30/35,1439000,95,"[{'iso_639_1': 'en', 'name': 'English'}]",Released,Anna Karenina,7092,26071,3.54,Leo Tolstoy/Richard Pevear/Larissa Volokhonsky,4.05,838,16643,Penguin Classics,35044
40,119,2742,"[{'id': 818, 'name': 'based on novel'}, {'id': 1731, 'name': 'writing'}, {'id': 3298, 'name': 'hallucination'}, {'id': 10183, 'name': 'independent film'}, {'id': 13028, 'name': 'writer'}, {'id': 15037, 'name': 'bug'}, {'id': 156117, 'name': 'illegal drugs'}, {'id': 158120, 'name': 'exterminator'}, {'id': 205781, 'name': 'beat generation'}, {'id': 230644, 'name': 'lynchian'}]",FALSE,16000000,Crime,tt0102511,en,Naked Lunch,12/27/91,0,115,"[{'iso_639_1': 'ar', 'name': 'العربية'}, {'iso_639_1': 'en', 'name': 'English'}]",Released,Naked Lunch,7123,102511,3.61,William S. Burroughs/James Grauerholz/Barry Miles,3.46,289,65998,Grove Press,7888
41,120,67794,"[{'id': 818, 'name': 'based on novel'}, {'id': 14636, 'name': 'india'}, {'id': 34094, 'name': 'extramarital affair'}]",FALSE,0,Drama,tt0084058,en,Heat and Dust,1/1/83,0,133,"[{'iso_639_1': 'en', 'name': 'English'}]",Released,Heat and Dust,7232,84058,3.44,Ruth Prawer Jhabvala,3.55,190,6214,Counterpoint,1480438
42,121,17365,"[{'id': 417, 'name': 'corruption'}, {'id': 441, 'name': 'assassination'}, {'id': 818, 'name': 'based on novel'}, {'id': 2944, 'name': 'senator'}, {'id': 12193, 'name': 'reporter'}, {'id': 33501, 'name': 'political'}]",FALSE,0,Crime,tt0071970,en,The Parallax View,6/14/74,0,102,"[{'iso_639_1': 'en', 'name': 'English'}]",Released,The Parallax View,7792,71970,3.66,Slavoj Žižek,4,433,1027,MIT Press (MA),3623
43,122,18923,"[{'id': 237, 'name': 'gay'}, {'id': 740, 'name': 'aids'}, {'id': 818, 'name': 'based on novel'}, {'id': 11130, 'name': 'art house'}, {'id': 46959, 'name': 'tantrum'}, {'id': 154937, 'name': 'bisexual'}, {'id': 158718, 'name': 'lgbt'}]",FALSE,6500000,Romance,tt0359423,en,A Home at the End of the World,7/23/04,1548955,96,"[{'iso_639_1': 'en', 'name': 'English'}]",Released,A Home at the End of the World,8667,359423,3.46,Michael Cunningham,3.91,342,14769,Picador,4815
44,123,17663,"[{'id': 818, 'name': 'based on novel'}, {'id': 1155, 'name': 'brother sister relationship'}, {'id': 1329, 'name': 'canada'}, {'id': 5331, 'name': 'village'}, {'id': 9673, 'name': 'love'}, {'id': 10873, 'name': 'school'}, {'id': 11162, 'name': 'miniseries'}, {'id': 12392, 'name': 'best friend'}, {'id': 13014, 'name': 'orphan'}, {'id': 15126, 'name': 'historical'}, {'id': 161155, 'name': 'kids'}, {'id': 214484, 'name': 'redhead girl'}]",FALSE,0,Drama,tt0088727,en,Anne of Green Gables,12/1/85,0,199,"[{'iso_639_1': 'en', 'name': 'English'}]",Released,Anne of Green Gables,26528,88727,3.92,L.M. Montgomery/Barbara Caruso,4.25,9,69,Recorded Books  Inc.,9626
45,125,54407,"[{'id': 818, 'name': 'based on novel'}, {'id': 10183, 'name': 'independent film'}]",FALSE,3400000,Comedy,tt0088821,en,Bliss,10/4/85,660537,112,"[{'iso_639_1': 'en', 'name': 'English'}]",Released,Bliss,26536,88821,3.2,Lynsay Sands,3.97,394,1742,Leisure Books,65998
46,126,3509,"[{'id': 387, 'name': 'california'}, {'id': 703, 'name': 'detective'}, {'id': 818, 'name': 'based on novel'}, {'id': 1566, 'name': 'dream'}, {'id': 1568, 'name': 'undercover'}, {'id': 2150, 'name': 'cocaine'}, {'id': 2588, 'name': 'brain'}, {'id': 2866, 'name': 'exam'}, {'id': 2964, 'name': 'future'}, {'id': 4394, 'name': 'test'}, {'id': 4565, 'name': 'dystopia'}, {'id': 4967, 'name': 'assignment'}, {'id': 12190, 'name': 'cyberpunk'}, {'id': 14964, 'name': 'drug'}, {'id': 18420, 'name': 'surveillance'}, {'id': 180440, 'name': 'totalitarian'}, {'id': 188950, 'name': 'corporation'}, {'id': 202550, 'name': 'substance'}, {'id': 202551, 'name': 'schizophrenic'}, {'id': 202553, 'name': 'condition'}, {'id': 207268, 'name': 'neo-noir'}]",FALSE,8700000,Animation,tt0405296,en,A Scanner Darkly,5/25/06,7659918,100,"[{'iso_639_1': 'en', 'name': 'English'}]",Released,A Scanner Darkly,27904,405296,3.61,Philip K. Dick,4.02,219,70604,Gollancz,3581
47,127,9009,"[{'id': 818, 'name': 'based on novel'}, {'id': 4237, 'name': 'water'}, {'id': 9714, 'name': 'remake'}, {'id': 10508, 'name': 'teacher'}, {'id': 15160, 'name': 'divorce'}, {'id': 33632, 'name': 'apartment'}, {'id': 162846, 'name': 'ghost'}, {'id': 168346, 'name': 'manhattan, new york city'}]",FALSE,30000000,Drama,tt0382628,en,Dark Water,6/27/05,25473093,105,"[{'iso_639_1': 'en', 'name': 'English'}]",Released,Dark Water,34143,382628,2.76,Kōji Suzuki/Glynne Walley,3.61,279,2433,Vertical,382146
48,128,9388,"[{'id': 494, 'name': 'father son relationship'}, {'id': 592, 'name': 'capitalism'}, {'id': 818, 'name': 'based on novel'}, {'id': 919, 'name': 'smoking'}, {'id': 2251, 'name': 'lie'}, {'id': 3170, 'name': 'cigarette'}, {'id': 3664, 'name': 'research'}, {'id': 3703, 'name': 'law'}, {'id': 3721, 'name': 'health'}, {'id': 3983, 'name': 'marketing'}, {'id': 6078, 'name': 'politics'}, {'id': 6083, 'name': 'politician'}, {'id': 6357, 'name': 'tobacco'}, {'id': 9468, 'name': 'liar'}, {'id': 10123, 'name': 'dark comedy'}, {'id': 10163, 'name': 'cancer'}, {'id': 10183, 'name': 'independent film'}, {'id': 10594, 'name': 'money'}, {'id': 11011, 'name': 'morality'}, {'id': 11514, 'name': 'social satire'}, {'id': 11732, 'name': 'cigarette smoking'}, {'id': 12094, 'name': 'business'}, {'id': 15086, 'name': 'advertising'}, {'id': 33720, 'name': 'guilt'}, {'id': 33740, 'name': 'humiliation'}, {'id': 159350, 'name': 'lobby'}, {'id': 171439, 'name': 'bribe'}, {'id': 188950, 'name': 'corporation'}, {'id': 209121, 'name': 'lung cancer'}, {'id': 219605, 'name': 'lobbyist'}, {'id': 219681, 'name': 'tobacco industry'}, {'id': 219731, 'name': 'nicotine'}]",FALSE,6500000,Comedy,tt0427944,en,Thank You for Smoking,9/5/05,24793509,92,"[{'iso_639_1': 'en', 'name': 'English'}]",Released,Thank You for Smoking,44195,427944,3.83,Christopher Buckley,3.93,272,9900,Random House Trade Paperbacks,1596
49,129,591,"[{'id': 90, 'name': 'paris'}, {'id': 113, 'name': 'holy grail'}, {'id': 186, 'name': 'christianity'}, {'id': 345, 'name': 'monk'}, {'id': 818, 'name': 'based on novel'}, {'id': 1222, 'name': 'zurich'}, {'id': 2908, 'name': 'secret society'}, {'id': 2966, 'name': 'louvre'}, {'id': 2969, 'name': 'curator'}, {'id': 2970, 'name': 'symbologist'}, {'id': 2975, 'name': 'opus dei'}, {'id': 2976, 'name': 'heresy'}, {'id': 2978, 'name': 'mona lisa'}, {'id': 4008, 'name': 'freemason'}, {'id': 10410, 'name': 'conspiracy'}, {'id': 11855, 'name': 'pentagram'}, {'id': 156081, 'name': 'tomb'}, {'id': 161207, 'name': 'catholicism'}, {'id': 161507, 'name': 'cryptologist'}, {'id': 161508, 'name': 'iconography'}, {'id': 163531, 'name': 'albino'}, {'id': 173162, 'name': 'sect'}]",FALSE,125000000,Thriller,tt0382625,en,The Da Vinci Code,5/17/06,767820459,149,"[{'iso_639_1': 'en', 'name': 'English'}, {'iso_639_1': 'fr', 'name': 'Français'}, {'iso_639_1': 'la', 'name': 'Latin'}, {'iso_639_1': 'es', 'name': 'Español'}]",Released,The Da Vinci Code,45447,382625,3.14,Dan Brown,3.84,467,1120,Broadway Books,1154
50,131,1259,"[{'id': 572, 'name': 'sex'}, {'id': 596, 'name': 'adultery'}, {'id': 818, 'name': 'based on novel'}, {'id': 977, 'name': 'cat'}, {'id': 1326, 'name': 'infidelity'}, {'id': 1328, 'name': 'secret'}, {'id': 1523, 'name': 'obsession'}, {'id': 1936, 'name': 'blackmail'}, {'id': 2483, 'name': 'nudity'}, {'id': 3182, 'name': 'seduction'}, {'id': 5321, 'name': 'studio'}, {'id': 6054, 'name': 'friendship'}, {'id': 6844, 'name': 'stalker'}, {'id': 9673, 'name': 'love'}, {'id': 9957, 'name': 'loneliness'}, {'id': 10508, 'name': 'teacher'}, {'id': 11937, 'name': 'conservative'}, {'id': 12105, 'name': 'student'}, {'id': 13130, 'name': 'teenager'}, {'id': 14534, 'name': 'relationship'}, {'id': 14893, 'name': 'art'}, {'id': 18051, 'name': 'female stalker'}, {'id': 34094, 'name': 'extramarital affair'}, {'id': 46954, 'name': 'journal'}, {'id': 167310, 'name': 'sitting on a toilet'}]",FALSE,15000000,Drama,tt0465551,en,Notes on a Scandal,12/25/06,49469904,92,"[{'iso_639_1': 'en', 'name': 'English'}, {'iso_639_1': 'fr', 'name': 'Français'}]",Released,Notes on a Scandal,49961,465551,3.73,Zoë Heller,3.71,244,1154,Penguin,9334
51,132,2270,"[{'id': 616, 'name': 'witch'}, {'id': 818, 'name': 'based on novel'}, {'id': 1605, 'name': 'new love'}, {'id': 3071, 'name': 'prince'}, {'id': 3258, 'name': 'beauty'}, {'id': 3412, 'name': 'star'}, {'id': 4152, 'name': 'kingdom'}, {'id': 4372, 'name': 'wall'}, {'id': 6998, 'name': 'falling star'}, {'id': 9920, 'name': 'royalty'}, {'id': 10048, 'name': 'unrequited love'}, {'id': 10842, 'name': 'good vs evil'}, {'id': 170771, 'name': 'fratricide'}]",FALSE,70000000,Adventure,tt0486655,en,Stardust,8/9/07,135560026,127,"[{'iso_639_1': 'en', 'name': 'English'}]",Released,Stardust,54259,486655,3.82,Neil Gaiman,4.08,248,283274,Harper Perennial,30442
52,133,4347,"[{'id': 818, 'name': 'based on novel'}, {'id': 1156, 'name': 'sister sister relationship'}, {'id': 1486, 'name': 'flirt'}, {'id': 1578, 'name': 'loss of sister'}, {'id': 1605, 'name': 'new love'}, {'id': 1956, 'name': 'world war ii'}, {'id': 3096, 'name': 'book'}, {'id': 5477, 'name': 'mistake'}, {'id': 6139, 'name': 'innocence'}, {'id': 10818, 'name': 'author'}, {'id': 11436, 'name': 'redemption'}, {'id': 13088, 'name': 'summer'}]",FALSE,30000000,Drama,tt0783233,en,Atonement,8/29/07,129266061,123,"[{'iso_639_1': 'en', 'name': 'English'}, {'iso_639_1': 'fr', 'name': 'Français'}]",Released,Atonement,55052,783233,3.74,Ian McEwan,3.9,372,4844,Vintage,30283
53,134,3469,"[{'id': 818, 'name': 'based on novel'}, {'id': 931, 'name': 'jealousy'}, {'id': 1450, 'name': 'shepherd'}, {'id': 3927, 'name': 'rage and hate'}, {'id': 4932, 'name': 'farm'}, {'id': 8250, 'name': 'victorian england'}, {'id': 11332, 'name': 'farm life'}, {'id': 17953, 'name': 'country'}, {'id': 157788, 'name': 'british soldier'}, {'id': 191100, 'name': 'romantic drama'}]",FALSE,0,Drama,tt0061648,en,Far from the Madding Crowd,1/1/67,0,166,"[{'iso_639_1': 'en', 'name': 'English'}]",Released,Far from the Madding Crowd,55078,61648,3.45,Thomas Hardy/Suzanne Keen,3.94,400,340,Signet Classics,179639
54,137,42173,"[{'id': 128, 'name': 'love triangle'}, {'id': 818, 'name': 'based on novel'}, {'id': 1442, 'name': 'winter'}, {'id': 1523, 'name': 'obsession'}, {'id': 4618, 'name': 'step daughter'}, {'id': 10183, 'name': 'independent film'}, {'id': 10807, 'name': 'salt lake city'}, {'id': 34094, 'name': 'extramarital affair'}, {'id': 187056, 'name': 'woman director'}]",FALSE,0,Comedy,tt0079278,en,Chilly Scenes of Winter,10/19/79,0,92,"[{'iso_639_1': 'en', 'name': 'English'}]",Released,Chilly Scenes of Winter,55757,79278,3.21,Ann Beattie,3.91,288,1045,Vintage,15225
55,138,76235,"[{'id': 818, 'name': 'based on novel'}, {'id': 1731, 'name': 'writing'}, {'id': 1899, 'name': 'hunger'}, {'id': 13028, 'name': 'writer'}, {'id': 192687, 'name': 'oslo'}]",FALSE,0,Drama,tt0061042,da,Sult,8/19/66,0,112,"[{'iso_639_1': 'da', 'name': 'Dansk'}, {'iso_639_1': 'no', 'name': 'Norsk'}, {'iso_639_1': 'sv', 'name': 'svenska'}]",Released,Hunger,58003,61042,3.47,Lan Samantha Chang,3.92,192,797,Penguin Books,42645
56,140,85514,"[{'id': 818, 'name': 'based on novel'}, {'id': 15246, 'name': 'sabotage'}]",FALSE,0,Drama,tt0052106,en,The Quiet American,2/8/58,0,120,"[{'iso_639_1': 'en', 'name': 'English'}]",Released,The Quiet American,59641,52106,3.35,Graham Greene/Robert  Stone,3.97,180,37620,Penguin Classics Deluxe Editions,1848
57,142,16182,"[{'id': 818, 'name': 'based on novel'}, {'id': 3358, 'name': 'haunted house'}, {'id': 15032, 'name': 'gothic horror'}, {'id': 156321, 'name': 'tv movie'}]",FALSE,0,Horror,tt0098672,en,The Woman in Black,12/24/89,0,100,"[{'iso_639_1': 'en', 'name': 'English'}]",Released,The Woman in Black,61373,98672,3.46,Susan Hill/John Lawrence,3.71,138,31467,David R. Godine Publisher,11271
58,143,1984,"[{'id': 818, 'name': 'based on novel'}, {'id': 2136, 'name': 'television'}, {'id': 2964, 'name': 'future'}, {'id': 4565, 'name': 'dystopia'}, {'id': 8202, 'name': 'big brother'}, {'id': 178712, 'name': 'totalitarianism'}]",FALSE,0,Drama,tt0048918,en,1984,3/6/56,0,90,"[{'iso_639_1': 'en', 'name': 'English'}]",Released,1984,62049,48918,3.71,George Orwell/Erich Fromm,4.18,268,1322,Signet Classics,134985
59,145,14326,"[{'id': 818, 'name': 'based on novel'}, {'id': 966, 'name': 'beach'}, {'id': 5809, 'name': 'marriage crisis'}, {'id': 5922, 'name': 'north carolina'}, {'id': 9840, 'name': 'romance'}, {'id': 157337, 'name': 'inn'}, {'id': 176793, 'name': 'middle age'}]",FALSE,0,Drama,tt0956038,en,Nights in Rodanthe,9/26/08,84375061,97,"[{'iso_639_1': 'en', 'name': 'English'}, {'iso_639_1': 'es', 'name': 'Español'}]",Released,Nights in Rodanthe,62137,956038,3.01,Nicholas Sparks,3.84,212,1596,Warner Books,17485
60,146,24420,"[{'id': 520, 'name': 'chicago'}, {'id': 572, 'name': 'sex'}, {'id': 818, 'name': 'based on novel'}, {'id': 2483, 'name': 'nudity'}, {'id': 2913, 'name': 'diary'}, {'id': 2964, 'name': 'future'}, {'id': 3667, 'name': 'time'}, {'id': 4379, 'name': 'time travel'}, {'id': 6038, 'name': 'marriage'}, {'id': 9673, 'name': 'love'}, {'id': 9840, 'name': 'romance'}, {'id': 9935, 'name': 'travel'}, {'id': 10703, 'name': 'tragic love'}, {'id': 14534, 'name': 'relationship'}, {'id': 176056, 'name': 'time traveler'}, {'id': 201484, 'name': 'complication'}]",FALSE,39000000,Drama,tt0452694,en,The Time Traveler's Wife,8/14/09,101229792,107,"[{'iso_639_1': 'en', 'name': 'English'}]",Released,The Time Traveler's Wife,70599,452694,3.58,Audrey Niffenegger,3.97,518,1005,MacAdam/Cage,38
61,148,43893,"[{'id': 818, 'name': 'based on novel'}]",FALSE,0,Drama,tt0026725,en,Les Misérables,4/2/35,0,108,"[{'iso_639_1': 'en', 'name': 'English'}]",Released,Les Misérables,72117,26725,3.61,Victor Hugo/Charles E. Wilbour,4.17,1260,728,Modern Library,834
62,156,17979,"[{'id': 65, 'name': 'holiday'}, {'id': 818, 'name': 'based on novel'}, {'id': 8250, 'name': 'victorian england'}, {'id': 10594, 'name': 'money'}, {'id': 33965, 'name': 'christmas eve'}, {'id': 33966, 'name': 'scrooge'}, {'id': 161174, 'name': 'christmas carol'}, {'id': 162846, 'name': 'ghost'}, {'id': 170457, 'name': 'lesson'}, {'id': 180975, 'name': 'charles dickens'}, {'id': 207317, 'name': 'christmas'}]",FALSE,200000000,Animation,tt1067106,en,A Christmas Carol,11/4/09,325233863,96,"[{'iso_639_1': 'en', 'name': 'English'}]",Released,A Christmas Carol,72294,1067106,3.24,Charles Dickens/P.J. Lynch,4.05,160,4359,Candlewick Press,1436
63,158,34653,"[{'id': 237, 'name': 'gay'}, {'id': 818, 'name': 'based on novel'}, {'id': 11258, 'name': 'suicidal'}, {'id': 13095, 'name': 'death of lover'}, {'id': 41355, 'name': 'teacher student relationship'}, {'id': 172291, 'name': 'grieving'}, {'id': 208992, 'name': '1960s'}]",FALSE,7000000,Drama,tt1315981,en,A Single Man,10/19/09,0,101,"[{'iso_639_1': 'en', 'name': 'English'}, {'iso_639_1': 'es', 'name': 'Español'}]",Released,A Single Man,72720,1315981,3.8,Christopher Isherwood,4.1,192,17451,Univ Of Minnesota Press,283274
64,159,11324,"[{'id': 818, 'name': 'based on novel'}, {'id': 2041, 'name': 'island'}, {'id': 2215, 'name': 'hurricane'}, {'id': 5340, 'name': 'investigation'}, {'id': 10323, 'name': 'psychiatric hospital'}, {'id': 11207, 'name': 'u.s. marshal'}, {'id': 11208, 'name': 'conspiracy theory'}, {'id': 208611, 'name': '1950s'}]",FALSE,80000000,Drama,tt1130884,en,Shutter Island,2/18/10,294804195,138,"[{'iso_639_1': 'en', 'name': 'English'}, {'iso_639_1': 'de', 'name': 'Deutsch'}]",Released,Shutter Island,74458,1130884,3.95,Dennis Lehane,4.09,369,134985,HarperTorch,16544
65,160,22971,"[{'id': 818, 'name': 'based on novel'}, {'id': 6092, 'name': 'army'}, {'id': 9673, 'name': 'love'}, {'id': 33564, 'name': 'u.s. soldier'}]",FALSE,25000000,Drama,tt0989757,en,Dear John,2/4/10,114977104,115,"[{'iso_639_1': 'en', 'name': 'English'}]",Released,Dear John,74688,989757,3.13,Nicholas Sparks,4.03,276,502726,Warner Books (NY),9900
66,161,12155,"[{'id': 818, 'name': 'based on novel'}, {'id': 855, 'name': 'fictional place'}, {'id': 2011, 'name': 'queen'}, {'id': 2486, 'name': 'fantasy'}, {'id': 12552, 'name': 'alice in wonderland'}, {'id': 170362, 'name': 'fantasy world'}, {'id': 209714, 'name': '3d'}]",FALSE,200000000,Family,tt1014759,en,Alice in Wonderland,3/3/10,1025491110,108,"[{'iso_639_1': 'en', 'name': 'English'}]",Released,Alice in Wonderland,74789,1014759,3.16,Lewis Carroll/Jane Carruth/Rene Cloke,4.03,92,364782,Gramercy Books,277047
67,163,20471,"[{'id': 572, 'name': 'sex'}, {'id': 818, 'name': 'based on novel'}, {'id': 3616, 'name': 'college'}, {'id': 10183, 'name': 'independent film'}, {'id': 13088, 'name': 'summer'}, {'id': 14828, 'name': 'city'}, {'id': 171206, 'name': 'graduate'}]",FALSE,0,Adventure,tt0768218,en,The Mysteries of Pittsburgh,1/20/08,0,95,"[{'iso_639_1': 'en', 'name': 'English'}]",Released,The Mysteries of Pittsburgh,74967,768218,2.5,Michael Chabon,3.64,320,21823,Harper Perennial,18376
68,164,12411,"[{'id': 818, 'name': 'based on novel'}, {'id': 3060, 'name': 'race politics'}, {'id': 4106, 'name': 'apartheid'}]",FALSE,0,Drama,tt0445953,en,Disgrace,9/6/08,0,120,"[{'iso_639_1': 'af', 'name': 'Afrikaans'}, {'iso_639_1': 'en', 'name': 'English'}, {'iso_639_1': 'xh', 'name': ''}, {'iso_639_1': 'zu', 'name': 'isiZulu'}]",Released,Disgrace,77266,445953,3.54,J.M. Coetzee,3.84,220,61545,Penguin Books,15054
69,165,23168,"[{'id': 818, 'name': 'based on novel'}, {'id': 975, 'name': 'money laundering'}, {'id': 1546, 'name': 'ambulance'}, {'id': 1680, 'name': 'boston'}, {'id': 1700, 'name': 'massachusetts'}, {'id': 1929, 'name': 'bank manager'}, {'id': 2231, 'name': 'drug dealer'}, {'id': 2778, 'name': 'florist'}, {'id': 2779, 'name': 'flower shop'}, {'id': 3607, 'name': 'hold-up robbery'}, {'id': 8054, 'name': 'volunteer'}, {'id': 8627, 'name': 'stolen money'}, {'id': 9713, 'name': 'friends'}, {'id': 9775, 'name': 'car set on fire'}, {'id': 10847, 'name': 'boston garden'}, {'id': 11148, 'name': 'police chase'}, {'id': 12392, 'name': 'best friend'}, {'id': 155726, 'name': 'fenway park'}]",FALSE,37000000,Crime,tt0840361,en,The Town,9/15/10,154026136,125,"[{'iso_639_1': 'en', 'name': 'English'}]",Released,The Town,80489,840361,3.75,William Faulkner,4.1,371,1253,Vintage Books,110234
70,166,42188,"[{'id': 634, 'name': 'soul'}, {'id': 818, 'name': 'based on novel'}, {'id': 1647, 'name': 'sadness'}, {'id': 3446, 'name': 'forgiveness'}, {'id': 4565, 'name': 'dystopia'}, {'id': 6271, 'name': 'boarding school'}, {'id': 11628, 'name': 'cloning'}, {'id': 181324, 'name': 'existentialism'}]",FALSE,15000000,Drama,tt1334260,en,Never Let Me Go,9/15/10,9455232,104,"[{'iso_639_1': 'en', 'name': 'English'}]",Released,Never Let Me Go,80969,1334260,3.66,Kazuo Ishiguro,3.82,288,380646,Vintage Books,1320
71,169,33997,"[{'id': 409, 'name': 'africa'}, {'id': 818, 'name': 'based on novel'}, {'id': 3361, 'name': 'vagabund'}, {'id': 3593, 'name': 'wilderness'}, {'id': 4265, 'name': 'somalia'}, {'id': 4522, 'name': 'supermodel'}, {'id': 9672, 'name': 'based on true story'}, {'id': 15053, 'name': 'united nations'}, {'id': 187056, 'name': 'woman director'}]",FALSE,0,Drama,tt1054580,en,Desert Flower,9/24/09,14631377,120,"[{'iso_639_1': 'en', 'name': 'English'}, {'iso_639_1': 'fr', 'name': 'Français'}, {'iso_639_1': 'so', 'name': 'Somali'}]",Released,Desert Flower,84855,1054580,3.52,Waris Dirie/Cathleen Miller,4.15,240,11981,William Morrow Paperbacks,13600
72,170,49022,"[{'id': 242, 'name': 'new york'}, {'id': 567, 'name': 'alcohol'}, {'id': 818, 'name': 'based on novel'}, {'id': 1328, 'name': 'secret'}, {'id': 1332, 'name': 'cheating'}, {'id': 1421, 'name': 'birthday'}, {'id': 2535, 'name': 'destroy'}, {'id': 9713, 'name': 'friends'}, {'id': 9986, 'name': 'crush'}, {'id': 10909, 'name': 'lawyer'}, {'id': 12392, 'name': 'best friend'}, {'id': 13027, 'name': 'wedding'}, {'id': 13149, 'name': 'pregnancy'}, {'id': 14534, 'name': 'relationship'}, {'id': 33648, 'name': 'celebration'}, {'id': 160765, 'name': 'roses'}, {'id': 170682, 'name': 'lying'}, {'id': 187844, 'name': 'flashback'}, {'id': 202635, 'name': 'engaged'}, {'id': 208502, 'name': 'loyal'}, {'id': 208503, 'name': 'liaison'}, {'id': 208504, 'name': 'confidant'}]",FALSE,35000000,Comedy,tt0491152,en,Something Borrowed,5/5/11,59901913,112,"[{'iso_639_1': 'en', 'name': 'English'}]",Released,Something Borrowed,86817,491152,3.17,Rebecca Hagan Lee,4.14,282,38,Diamond/Charter,207869
73,171,52505,"[{'id': 818, 'name': 'based on novel'}, {'id': 4516, 'name': 'romantic rivalry'}, {'id': 166625, 'name': 'candlelight vigil'}]",FALSE,30000000,Drama,tt1032825,en,The Other Woman,10/28/10,102000000,98,"[{'iso_639_1': 'en', 'name': 'English'}]",Released,The Other Woman,87270,1032825,3.27,Jane Green,3.7,389,29112,Berkley,3816
74,173,9364,"[{'id': 392, 'name': 'england'}, {'id': 818, 'name': 'based on novel'}, {'id': 17981, 'name': 'foster sister'}, {'id': 17982, 'name': 'moor'}, {'id': 17984, 'name': 'foster family'}, {'id': 187056, 'name': 'woman director'}]",FALSE,8000000,Drama,tt1181614,en,Wuthering Heights,9/5/11,100915,129,"[{'iso_639_1': 'en', 'name': 'English'}]",Released,Wuthering Heights,91035,1181614,3.05,Emily Brontë,3.85,279,2155,Penguin Books,51484
75,175,43459,"[{'id': 534, 'name': 'mexico'}, {'id': 658, 'name': 'sea'}, {'id': 818, 'name': 'based on novel'}, {'id': 1157, 'name': 'wife husband relationship'}, {'id': 2801, 'name': 'self-defense'}, {'id': 5331, 'name': 'village'}, {'id': 5332, 'name': 'greed'}, {'id': 10644, 'name': 'melodrama'}, {'id': 33782, 'name': 'diver'}, {'id': 197644, 'name': 'pearl'}]",FALSE,0,Adventure,tt0037981,es,La perla,1/1/47,0,85,"[{'iso_639_1': 'es', 'name': 'Español'}]",Released,The Pearl,92726,37981,3.58,John Steinbeck,3.46,96,160706,Penguin Books,4592
76,176,2929,"[{'id': 279, 'name': 'usa'}, {'id': 818, 'name': 'based on novel'}, {'id': 6737, 'name': 'frankenstein'}, {'id': 154802, 'name': 'silent film'}, {'id': 191406, 'name': 'thomas edison'}, {'id': 210184, 'name': '1910s'}, {'id': 223530, 'name': 'creative'}, {'id': 232824, 'name': 'j. searle dawley'}]",FALSE,0,Horror,tt0001223,en,Frankenstein,3/18/10,0,13,"[{'iso_639_1': 'xx', 'name': 'No Language'}]",Released,Frankenstein,93865,1223,3.18,Mary Wollstonecraft Shelley/J. Paul Hunter,3.79,336,2188,W. W. Norton & Company,111068
77,181,83770,"[{'id': 818, 'name': 'based on novel'}, {'id': 1227, 'name': 'cemetery'}, {'id': 2398, 'name': 'narration'}, {'id': 2483, 'name': 'nudity'}, {'id': 3739, 'name': 'funeral'}, {'id': 4528, 'name': 'song'}, {'id': 6054, 'name': 'friendship'}, {'id': 7312, 'name': 'road trip'}, {'id': 10776, 'name': 'marijuana'}, {'id': 10794, 'name': 'snow'}, {'id': 11732, 'name': 'cigarette smoking'}, {'id': 13028, 'name': 'writer'}, {'id': 13094, 'name': 'photograph'}, {'id': 15291, 'name': 'on the road'}, {'id': 18049, 'name': 'sex scene'}, {'id': 34030, 'name': 'typewriter'}, {'id': 159431, 'name': 'voice over'}, {'id': 163182, 'name': 'suicide thoughts'}, {'id': 167043, 'name': 'road movie'}, {'id': 168442, 'name': 'denver colorado'}, {'id': 168447, 'name': 'kerouac'}]",FALSE,25000000,Adventure,tt0337692,en,On the Road,5/22/12,8784318,137,"[{'iso_639_1': 'en', 'name': 'English'}, {'iso_639_1': 'fr', 'name': 'Français'}]",Released,On the Road,95488,337692,3.05,Jack Kerouac,3.63,320,488,Penguin Books,565524
78,184,75595,"[{'id': 387, 'name': 'california'}, {'id': 572, 'name': 'sex'}, {'id': 708, 'name': 'runaway'}, {'id': 818, 'name': 'based on novel'}, {'id': 9713, 'name': 'friends'}, {'id': 12670, 'name': 'los angeles'}, {'id': 170457, 'name': 'lesson'}, {'id': 200234, 'name': 'shocking'}, {'id': 200235, 'name': 'consequences'}]",FALSE,0,Drama,tt1623745,en,Little Birds,1/23/11,0,94,"[{'iso_639_1': 'en', 'name': 'English'}]",Released,Little Birds,96266,1623745,3.34,Anaïs Nin,3.72,148,7888,Mariner Books,2152
79,185,42203,"[{'id': 715, 'name': 'chocolate'}, {'id': 818, 'name': 'based on novel'}, {'id': 4617, 'name': 'insurance fraud'}, {'id': 40958, 'name': 'russian immigrant\xa0'}, {'id': 161891, 'name': 'doppelganger'}]",FALSE,0,Drama,tt0077421,de,Despair,5/19/78,0,119,"[{'iso_639_1': 'en', 'name': 'English'}]",Released,Despair,96933,77421,3,Vladimir Nabokov,3.92,163,197,Penguin Classics,117
80,186,64682,"[{'id': 818, 'name': 'based on novel'}, {'id': 1326, 'name': 'infidelity'}, {'id': 1523, 'name': 'obsession'}, {'id': 3929, 'name': 'hope'}, {'id': 209714, 'name': '3d'}]",FALSE,105000000,Drama,tt1343092,en,The Great Gatsby,5/10/13,351040419,143,"[{'iso_639_1': 'en', 'name': 'English'}]",Released,The Great Gatsby,102407,1343092,3.51,Kathleen Parkinson/F. Scott Fitzgerald,3.88,144,557,Penguin Global,21823
81,192,121674,"[{'id': 818, 'name': 'based on novel'}, {'id': 180975, 'name': 'charles dickens'}]",FALSE,0,Drama,tt1836808,en,Great Expectations,11/30/12,258656,128,"[{'iso_639_1': 'en', 'name': 'English'}]",Released,Great Expectations,106234,1836808,3.39,Charles Dickens/David Trotter/Charlotte Mitchell,3.77,512,14228,Penguin Books,766867
82,196,31332,"[{'id': 378, 'name': 'prison'}, {'id': 818, 'name': 'based on novel'}, {'id': 1541, 'name': 'nihilism'}, {'id': 3739, 'name': 'funeral'}, {'id': 9826, 'name': 'murder'}, {'id': 157213, 'name': 'death of mother'}, {'id': 159103, 'name': 'mourning'}]",FALSE,0,Drama,tt0062310,it,Lo straniero,10/14/67,0,104,"[{'iso_639_1': 'fr', 'name': 'Français'}, {'iso_639_1': 'it', 'name': 'Italiano'}]",Released,The Stranger,106745,62310,3.12,Albert Camus/Stuart Gilbert,3.98,154,1493,Vintage,29189
83,198,137321,"[{'id': 818, 'name': 'based on novel'}]",FALSE,60000000,Drama,tt1837709,en,Winter's Tale,2/13/14,30800231,118,"[{'iso_639_1': 'en', 'name': 'English'}]",Released,Winter's Tale,109191,1837709,3.07,Mark Helprin,3.5,748,21851,Mariner Books,1027
84,199,197796,"[{'id': 818, 'name': 'based on novel'}, {'id': 2343, 'name': 'magic'}, {'id': 3098, 'name': 'castle'}, {'id': 3205, 'name': 'fairy tale'}, {'id': 4375, 'name': 'transformation'}, {'id': 5774, 'name': 'forest'}, {'id': 9673, 'name': 'love'}, {'id': 9887, 'name': 'surrealism'}, {'id': 10541, 'name': 'curse'}, {'id': 11851, 'name': 'man beast'}, {'id': 161271, 'name': 'beast'}, {'id': 161678, 'name': 'giant man'}, {'id': 163545, 'name': 'healing power'}, {'id': 179411, 'name': 'based on fairy tale'}, {'id': 205614, 'name': 'picturesque'}]",FALSE,33000000,Fantasy,tt2316801,fr,La Belle et la Bête,2/12/14,49100000,112,"[{'iso_639_1': 'en', 'name': 'English'}, {'iso_639_1': 'fr', 'name': 'Français'}]",Released,Beauty and the Beast,110639,2316801,3.34,Max Eilenberg/Angela Barrett,4.37,64,3682,Candlewick Press,160706
85,200,64923,"[{'id': 818, 'name': 'based on novel'}, {'id': 4344, 'name': 'musical'}]",FALSE,0,Fantasy,tt0076119,en,Gulliver's Travels,1/1/77,0,81,"[{'iso_639_1': 'en', 'name': 'English'}]",Released,Gulliver's Travels,111789,76119,1.67,Jonathan Swift/Robert DeMaria Jr.,3.57,306,194738,Penguin,23157
86,208,41415,"[{'id': 818, 'name': 'based on novel'}, {'id': 40847, 'name': 'near future'}, {'id': 206850, 'name': 'canuxploitation'}]",FALSE,0,Science Fiction,tt0079894,en,The Shape of Things to Come,5/4/79,0,98,"[{'iso_639_1': 'en', 'name': 'English'}]",Released,The Shape of Things to Come,112081,79894,1.25,H.G. Wells/John Clute,3.61,530,931,Penguin Books Limited,38964
87,209,152745,"[{'id': 818, 'name': 'based on novel'}, {'id': 11004, 'name': 'rural setting'}, {'id': 12987, 'name': 'poverty'}, {'id': 193278, 'name': 'deep south'}, {'id': 208518, 'name': 'burial'}]",FALSE,0,Drama,tt1807944,en,As I Lay Dying,10/9/13,0,110,"[{'iso_639_1': 'en', 'name': 'English'}]",Released,As I Lay Dying,114852,1807944,3.56,William Faulkner/E.L. Doctorow,3.71,231,1003,Modern Library,1234256
88,210,273510,"[{'id': 818, 'name': 'based on novel'}, {'id': 193924, 'name': 'adulteress'}, {'id': 195013, 'name': 'costume drama'}, {'id': 237295, 'name': 'extra marital affair'}]",FALSE,0,Drama,tt0212318,en,Madame Bovary,6/2/00,0,180,[],Released,Madame Bovary,115893,212318,2.83,Gustave Flaubert/Geoffrey Wall/Michèle Roberts,3.67,327,3620,Penguin Classics,768872
89,212,42759,"[{'id': 818, 'name': 'based on novel'}]",FALSE,0,Action,tt0069197,en,The Call of the Wild,11/30/72,0,100,"[{'iso_639_1': 'en', 'name': 'English'}]",Released,The Call of the Wild,120488,69197,3.5,Jack London/Avi,3.86,172,274649,Scholastic,931
90,215,28468,"[{'id': 255, 'name': 'male nudity'}, {'id': 293, 'name': 'female nudity'}, {'id': 459, 'name': 'sexual obsession'}, {'id': 472, 'name': 'bathroom'}, {'id': 572, 'name': 'sex'}, {'id': 596, 'name': 'adultery'}, {'id': 818, 'name': 'based on novel'}, {'id': 931, 'name': 'jealousy'}, {'id': 1157, 'name': 'wife husband relationship'}, {'id': 1326, 'name': 'infidelity'}, {'id': 1523, 'name': 'obsession'}, {'id': 1691, 'name': 'dance'}, {'id': 1755, 'name': 'fascism'}, {'id': 2483, 'name': 'nudity'}, {'id': 2913, 'name': 'diary'}, {'id': 3182, 'name': 'seduction'}, {'id': 3201, 'name': 'orgasm'}, {'id': 3508, 'name': 'underwear'}, {'id': 3739, 'name': 'funeral'}, {'id': 5091, 'name': 'kiss'}, {'id': 6930, 'name': 'fondling'}, {'id': 9714, 'name': 'remake'}, {'id': 9772, 'name': 'pubic hair'}, {'id': 9785, 'name': 'perversion'}, {'id': 9835, 'name': 'sexual fantasy'}, {'id': 10053, 'name': 'sexploitation'}, {'id': 10968, 'name': 'lingerie'}, {'id': 11190, 'name': 'sexual attraction'}, {'id': 11501, 'name': 'cheating wife'}, {'id': 11510, 'name': 'unfaithfulness'}, {'id': 11513, 'name': 'cheating husband'}, {'id': 11518, 'name': 'sexual tension'}, {'id': 12090, 'name': 'cross dressing'}, {'id': 13072, 'name': 'falling in love'}, {'id': 13094, 'name': 'photograph'}, {'id': 14669, 'name': 'older man younger woman relationship'}, {'id': 14765, 'name': 'church'}, {'id': 14794, 'name': 'lust'}, {'id': 15166, 'name': 'photo shoot'}, {'id': 33513, 'name': 'desire'}, {'id': 34094, 'name': 'extramarital affair'}, {'id': 41260, 'name': 'sensuality'}, {'id': 41404, 'name': 'sexual desire'}, {'id': 148534, 'name': 'cunnilingus'}, {'id': 155477, 'name': 'softcore'}, {'id': 155675, 'name': 'female masturbation'}, {'id': 155755, 'name': 'mysterious woman'}, {'id': 156260, 'name': 'stripping'}, {'id': 158628, 'name': 'foreign language adaptation'}, {'id': 159278, 'name': 'obsessive love'}, {'id': 159601, 'name': 'cuckold'}, {'id': 161298, 'name': 'public urination'}, {'id': 163335, 'name': 'man with glasses'}, {'id': 164346, 'name': 'praying'}, {'id': 164636, 'name': 'pearl necklace'}, {'id': 169734, 'name': 'cameraman'}, {'id': 169815, 'name': 'exhibitionism'}, {'id': 174534, 'name': 'young wife'}, {'id': 181041, 'name': 'garter'}, {'id': 186107, 'name': 'sexual exploration'}, {'id': 187844, 'name': 'flashback'}, {'id': 190370, 'name': 'erotic movie'}, {'id': 191071, 'name': 'cheat on wife'}, {'id': 193924, 'name': 'adulteress'}, {'id': 207807, 'name': 'erotic fantasy'}, {'id': 211121, 'name': 'exhibitionist'}, {'id': 212473, 'name': 'man and woman in a bed'}, {'id': 212497, 'name': 'reference to benito mussolini'}, {'id': 212509, 'name': 'adulterer'}]",FALSE,0,Romance,tt0085328,it,La chiave,10/18/83,0,110,"[{'iso_639_1': 'it', 'name': 'Italiano'}]",Released,The Key,122325,85328,3.33,Lynsay Sands,4.04,313,2152,Leisure Books,510
91,216,55321,"[{'id': 818, 'name': 'based on novel'}, {'id': 1739, 'name': 'holocaust'}, {'id': 11508, 'name': 'jewish'}]",FALSE,0,Drama,tt0080625,en,The Diary of Anne Frank,11/17/80,0,109,"[{'iso_639_1': 'en', 'name': 'English'}]",Released,The Diary of Anne Frank,125854,80625,3.25,Frances Goodrich/Albert Hackett/Wendy Kesselman,4.06,70,1320,Dramatists Play Service,3532
92,217,197592,"[{'id': 818, 'name': 'based on novel'}, {'id': 33519, 'name': 'courtroom'}, {'id': 156321, 'name': 'tv movie'}]",FALSE,0,Action,tt0086168,en,Rage of Angels,2/19/83,0,189,"[{'iso_639_1': 'en', 'name': 'English'}]",Released,Rage of Angels,126002,86168,2.5,Sidney Sheldon,3.93,512,30283,HarperCollins Publishers,1548
93,218,193687,"[{'id': 128, 'name': 'love triangle'}, {'id': 818, 'name': 'based on novel'}, {'id': 931, 'name': 'jealousy'}, {'id': 1618, 'name': 'radiation'}, {'id': 2025, 'name': 'tractor'}, {'id': 4458, 'name': 'post-apocalyptic'}, {'id': 4565, 'name': 'dystopia'}, {'id': 4932, 'name': 'farm'}, {'id': 5385, 'name': 'survivor'}, {'id': 6150, 'name': 'faith'}, {'id': 14765, 'name': 'church'}, {'id': 18139, 'name': 'nuclear war'}, {'id': 40879, 'name': 'drunk'}, {'id': 180222, 'name': 'valley'}, {'id': 188658, 'name': 'water wheel'}, {'id': 217157, 'name': 'open ended'}]",FALSE,0,Drama,tt1598642,en,Z for Zachariah,8/13/15,121461,97,"[{'iso_639_1': 'en', 'name': 'English'}]",Released,Z for Zachariah,127218,1598642,3.01,Robert C. O'Brien,3.66,250,1030,Simon Pulse,1022
94,219,85827,"[{'id': 818, 'name': 'based on novel'}, {'id': 2041, 'name': 'island'}, {'id': 10085, 'name': 'betrayal'}, {'id': 10349, 'name': 'survival'}, {'id': 15174, 'name': 'ecology'}, {'id': 33480, 'name': 'environmental'}]",FALSE,0,Family,tt0058241,en,Island of the Blue Dolphins,9/10/64,0,93,"[{'iso_639_1': 'en', 'name': 'English'}]",Released,Island of the Blue Dolphins,140501,58241,3,Scott O'Dell/Tantoo Cardinal,3.83,4,205,Listening Library (Audio),1253
95,220,95807,"[{'id': 818, 'name': 'based on novel'}]",FALSE,0,Mystery,tt1942951,en,Ricochet,11/30/11,0,91,"[{'iso_639_1': 'en', 'name': 'English'}]",Released,Ricochet,142903,1942951,5,Sandra Brown,3.97,400,15225,Simon & Schuster,749
96,221,68730,"[{'id': 186, 'name': 'christianity'}, {'id': 233, 'name': 'japan'}, {'id': 440, 'name': 'missionary'}, {'id': 818, 'name': 'based on novel'}, {'id': 10085, 'name': 'betrayal'}, {'id': 13006, 'name': 'torture'}, {'id': 41611, 'name': 'martyrdom'}, {'id': 179567, 'name': 'crisis of faith'}, {'id': 189398, 'name': 'portuguese'}, {'id': 207941, 'name': '17th century'}, {'id': 214891, 'name': 'shogunate'}, {'id': 220888, 'name': 'jesuit priest'}, {'id': 220890, 'name': 'religious persecution'}, {'id': 226417, 'name': 'religious icon'}, {'id': 226419, 'name': 'apostasy'}]",FALSE,46000000,Drama,tt0490215,en,Silence,12/22/16,23737523,161,"[{'iso_639_1': 'ja', 'name': '日本語'}, {'iso_639_1': 'en', 'name': 'English'}]",Released,Silence,143367,490215,3.57,Shūsaku Endō/William Johnston,4.08,201,17485,Taplinger Publishing,31467
97,222,49249,"[{'id': 818, 'name': 'based on novel'}, {'id': 4319, 'name': 'french revolution'}, {'id': 180975, 'name': 'charles dickens'}]",FALSE,0,TV Movie,tt0081595,en,A Tale of Two Cities,12/2/80,0,162,"[{'iso_639_1': 'en', 'name': 'English'}]",Released,A Tale of Two Cities,143545,81595,2.5,Charles Dickens/Keith Cox/Cynthia Brantley Johnson,3.84,496,131,Simon  Schuster,11492
98,227,84782,"[{'id': 818, 'name': 'based on novel'}, {'id': 4066, 'name': 'windmill'}, {'id': 215184, 'name': 'chivalry'}]",FALSE,0,Drama,tt0050326,ru,Дон Кихот,5/23/57,0,100,"[{'iso_639_1': 'ru', 'name': 'Pусский'}]",Released,Don Quixote,150637,50326,4.25,Miguel de Cervantes Saavedra/Edith Grossman/Harold Bloom,3.87,940,4956,Ecco,59152
99,237,328387,"[{'id': 818, 'name': 'based on novel'}, {'id': 1576, 'name': 'technology'}, {'id': 11615, 'name': 'internet'}, {'id': 12361, 'name': 'hacking'}, {'id': 13130, 'name': 'teenager'}, {'id': 14512, 'name': 'new york city'}, {'id': 18249, 'name': 'game'}, {'id': 186846, 'name': 'adaptation'}, {'id': 201871, 'name': 'dare'}, {'id': 212562, 'name': 'cellphone video'}, {'id': 223438, 'name': 'based on young adult novel'}, {'id': 229980, 'name': 'smartphone'}, {'id': 235098, 'name': 'taking a risk'}]",FALSE,19000000,Mystery,tt3531824,en,Nerve,7/27/16,85241496,96,"[{'iso_639_1': 'en', 'name': 'English'}]",Released,Nerve,160954,3531824,3.47,Dick Francis,4.04,320,3581,Jove,326098
100,238,207932,"[{'id': 131, 'name': 'italy'}, {'id': 818, 'name': 'based on novel'}, {'id': 1295, 'name': 'europe'}, {'id': 1453, 'name': 'amnesia'}, {'id': 3096, 'name': 'book'}, {'id': 9663, 'name': 'sequel'}, {'id': 9826, 'name': 'murder'}, {'id': 11001, 'name': 'religion'}, {'id': 228477, 'name': 'symbology'}]",FALSE,75000000,Thriller,tt3062096,en,Inferno,10/13/16,220021259,121,"[{'iso_639_1': 'en', 'name': 'English'}]",Released,Inferno,165101,3062096,3.02,Dante Alighieri/Allen Mandelbaum/Barry Moser/Gabriel Marruzzo/Laury Magnus,4,396,1075,Bantam Books,1538
101,240,198795,"[{'id': 818, 'name': 'based on novel'}, {'id': 1501, 'name': 'allegory'}, {'id': 1715, 'name': 'symbolism'}, {'id': 2940, 'name': 'mexican revolution'}, {'id': 9887, 'name': 'surrealism'}, {'id': 33841, 'name': 'incest'}, {'id': 156580, 'name': 'ghost story'}, {'id': 157171, 'name': 'nonlinear timeline'}, {'id': 163578, 'name': 'land owner'}, {'id': 166701, 'name': 'ghost town'}]",FALSE,0,Drama,tt0062108,en,Pedro Páramo,6/8/67,0,104,"[{'iso_639_1': 'es', 'name': 'Español'}]",Released,Pedro Páramo,165157,62108,3.75,Juan Rulfo,4.05,122,504,Anagrama,120302
102,244,332794,"[{'id': 818, 'name': 'based on novel'}, {'id': 5565, 'name': 'biography'}, {'id': 222551, 'name': 'environmental activist'}, {'id': 231641, 'name': 'unfaithful husband'}, {'id': 232067, 'name': 'singing around campfire'}, {'id': 232068, 'name': 'frenchman abroad'}, {'id': 232069, 'name': 'singing on a boat'}]",FALSE,21363000,Adventure,tt1659619,fr,L'Odyssée,10/12/16,0,122,"[{'iso_639_1': 'en', 'name': 'English'}, {'iso_639_1': 'fr', 'name': 'Français'}, {'iso_639_1': 'de', 'name': 'Deutsch'}, {'iso_639_1': 'it', 'name': 'Italiano'}]",Released,The Odyssey,166285,1659619,3.62,Homer/Robert Fagles/Bernard Knox,3.76,541,760871,Penguin Classics,21851
103,252,95647,"[{'id': 818, 'name': 'based on novel'}]",FALSE,0,Fantasy,tt0175203,en,La balsa de piedra,9/19/02,0,117,"[{'iso_639_1': 'pt', 'name': 'Português'}, {'iso_639_1': 'es', 'name': 'Español'}]",Released,The Stone Raft,171857,175203,3,José Saramago/Giovanni Pontiero,3.8,292,308,Mariner Books,4053
104,254,75294,"[{'id': 818, 'name': 'based on novel'}]",FALSE,0,Drama,tt0087043,ru,Человек-невидимка,1/12/84,0,89,"[{'iso_639_1': 'ru', 'name': 'Pусский'}]",Released,The Invisible Man,173683,87043,2.5,H.G. Wells,3.64,208,333,Scholastic Paperbacks,1030